{"name":"2343e9a7-560d-465b-9a0c-ca7ec0c56e28","id":"/providers/Microsoft.Flow/flows/2343e9a7-560d-465b-9a0c-ca7ec0c56e28","type":"Microsoft.Flow/flows","properties":{"apiId":"/providers/Microsoft.PowerApps/apis/shared_logicflows","displayName":"CreatePDF","definition":{"metadata":{"workflowEntityId":null,"processAdvisorMetadata":null,"flowclientsuspensionreason":"None","flowclientsuspensiontime":null,"creator":{"id":"af682c4f-b151-46c5-9769-1ce33767bb69","type":"User","tenantId":"4ddacd00-f764-4e77-9077-04deb651130e"},"provisioningMethod":"FromDefinition","failureAlertSubscription":true,"clientLastModifiedTime":"2022-04-05T18:13:43.8855665Z"},"$schema":"https://schema.management.azure.com/providers/Microsoft.Logic/schemas/2016-06-01/workflowdefinition.json#","contentVersion":"1.0.0.0","parameters":{"$connections":{"defaultValue":{},"type":"Object"},"$authentication":{"defaultValue":{},"type":"SecureObject"}},"triggers":{"manual":{"metadata":{"operationMetadataId":"5505cd9f-1d40-43a4-b32e-2405869cfc2a"},"type":"Request","kind":"Button","inputs":{"schema":{"type":"object","properties":{},"required":[]}}}},"actions":{"HTML":{"runAfter":{"Initialize_variable":["Succeeded"]},"metadata":{"operationMetadataId":"a4598f5b-c9f3-4a3d-beef-bf46dcb25bc9"},"type":"Compose","inputs":"<html><head><meta http-equiv=\"Content-Type\" content=\"text/html; charset=utf-8\" /><title></title></head><body><p style=\"text-align:center;margin-top:0pt;margin-bottom:10pt;border:none;mso-border-left-alt:none;mso-border-top-alt:none;mso-border-right-alt:none;mso-border-bottom-alt:none;mso-border-between:none\"><span style=\"font-family:'Calibri';font-size:18pt;color:#000000;mso-style-textfill-fill-color:#000000\">My Certificate of Special People</span><a name=\"_GoBack\"/></p><p style=\"text-align:center;margin-top:0pt;margin-bottom:10pt;border:none;mso-border-left-alt:none;mso-border-top-alt:none;mso-border-right-alt:none;mso-border-bottom-alt:none;mso-border-between:none\">&nbsp;</p><p style=\"text-align:center;margin-top:0pt;margin-bottom:10pt;border:none;mso-border-left-alt:none;mso-border-top-alt:none;mso-border-right-alt:none;mso-border-bottom-alt:none;mso-border-between:none\"><span style=\"font-family:'Calibri';font-size:14pt;color:#000000;mso-style-textfill-fill-color:#000000\">Proud of</span></p><p style=\"text-align:center;margin-top:0pt;margin-bottom:10pt;border:none;mso-border-left-alt:none;mso-border-top-alt:none;mso-border-right-alt:none;mso-border-bottom-alt:none;mso-border-between:none\">&nbsp;</p><p style=\"text-align:center;margin-top:0pt;margin-bottom:10pt;border:none;border-left:none;border-top:none;border-right:none;border-bottom:none;mso-border-between:none\"><span style=\"font-family:'Calibri';font-size:12pt;color:#000000;mso-style-textfill-fill-color:#000000\">@{variables('UserName')}</span></p></body></html>"},"Initialize_variable":{"runAfter":{},"metadata":{"operationMetadataId":"fd5dc7d9-2dc5-4da0-a26d-b097a40a7054"},"type":"InitializeVariable","inputs":{"variables":[{"name":"UserName","type":"string","value":"Ramon123"}]}},"Create_file":{"runAfter":{"HTML":["Succeeded"]},"metadata":{"operationMetadataId":"03a7b590-7821-4a77-b7cb-aa516a17b1cc"},"type":"OpenApiConnection","inputs":{"host":{"apiId":"/providers/Microsoft.PowerApps/apis/shared_onedriveforbusiness","connectionName":"shared_onedriveforbusiness","operationId":"CreateFile"},"parameters":{"folderPath":"/","name":"myhtml.html","body":"@outputs('HTML')"},"authentication":{"value":"@json(decodeBase64(triggerOutputs().headers['X-MS-APIM-Tokens']))['$ConnectionKey']","type":"Raw"}},"runtimeConfiguration":{"contentTransfer":{"transferMode":"Chunked"}}},"Convert_file_using_path":{"runAfter":{"Create_file":["Succeeded"]},"metadata":{"operationMetadataId":"26f7e70d-65b0-41d7-babf-50a2877f1258"},"type":"OpenApiConnection","inputs":{"host":{"apiId":"/providers/Microsoft.PowerApps/apis/shared_onedriveforbusiness","connectionName":"shared_onedriveforbusiness","operationId":"ConvertFileByPath"},"parameters":{"path":"/myhtml.html","type":"PDF"},"authentication":{"value":"@json(decodeBase64(triggerOutputs().headers['X-MS-APIM-Tokens']))['$ConnectionKey']","type":"Raw"}}},"Create_file_2":{"runAfter":{"Convert_file_using_path":["Succeeded"]},"metadata":{"operationMetadataId":"3a96bb41-6f5a-4d49-9abe-acff5ad78d5b"},"type":"OpenApiConnection","inputs":{"host":{"apiId":"/providers/Microsoft.PowerApps/apis/shared_sharepointonline","connectionName":"shared_sharepointonline","operationId":"CreateFile"},"parameters":{"dataset":"https://ramonlima1.sharepoint.com/sites/test","folderPath":"/Shared Documents","name":"mypdf.pdf","body":"@body('Convert_file_using_path')"},"authentication":{"value":"@json(decodeBase64(triggerOutputs().headers['X-MS-APIM-Tokens']))['$ConnectionKey']","type":"Raw"}},"runtimeConfiguration":{"contentTransfer":{"transferMode":"Chunked"}}}}},"connectionReferences":{"shared_onedriveforbusiness":{"connectionName":"shared-onedriveforbu-61ee1173-53de-43e7-b595-fd1e54515186","source":"Invoker","id":"/providers/Microsoft.PowerApps/apis/shared_onedriveforbusiness","tier":"NotSpecified"},"shared_sharepointonline":{"connectionName":"shared-sharepointonl-0c0c9f5c-5de3-4471-bb5d-01b173168b64","source":"Invoker","id":"/providers/Microsoft.PowerApps/apis/shared_sharepointonline","tier":"NotSpecified"}},"flowFailureAlertSubscribed":false}}