{"name":"a16c3e93-4f32-4a3e-9615-c43804a495ec","id":"/providers/Microsoft.Flow/flows/a16c3e93-4f32-4a3e-9615-c43804a495ec","type":"Microsoft.Flow/flows","properties":{"apiId":"/providers/Microsoft.PowerApps/apis/shared_logicflows","displayName":"group mail","definition":{"metadata":{"workflowEntityId":null,"processAdvisorMetadata":null,"flowclientsuspensionreason":"None","flowclientsuspensiontime":null,"creator":{"id":"af682c4f-b151-46c5-9769-1ce33767bb69","type":"User","tenantId":"4ddacd00-f764-4e77-9077-04deb651130e"},"provisioningMethod":"FromDefinition","failureAlertSubscription":true,"clientLastModifiedTime":"2022-03-22T21:23:18.9337373Z"},"$schema":"https://schema.management.azure.com/providers/Microsoft.Logic/schemas/2016-06-01/workflowdefinition.json#","contentVersion":"1.0.0.0","parameters":{"$connections":{"defaultValue":{},"type":"Object"},"$authentication":{"defaultValue":{},"type":"SecureObject"}},"triggers":{"manual":{"metadata":{"operationMetadataId":"f14862aa-f22c-411b-98a6-28731e2a211e"},"type":"Request","kind":"Button","inputs":{"schema":{"type":"object","properties":{},"required":[]}}}},"actions":{"getGroup":{"runAfter":{},"metadata":{"operationMetadataId":"9688208a-50f8-405a-b073-63a820e9104b"},"type":"OpenApiConnection","inputs":{"host":{"apiId":"/providers/Microsoft.PowerApps/apis/shared_sharepointonline","connectionName":"shared_sharepointonline","operationId":"HttpRequest"},"parameters":{"dataset":"https://ramonlima1.sharepoint.com/sites/test","parameters/method":"GET","parameters/uri":"_api/web/sitegroups(12)/users"},"authentication":{"value":"@json(decodeBase64(triggerOutputs().headers['X-MS-APIM-Tokens']))['$ConnectionKey']","type":"Raw"}}},"Apply_to_each":{"foreach":"@body('getGroup')?['d']?['results']","actions":{"Append_to_string_variable":{"runAfter":{},"metadata":{"operationMetadataId":"1f362738-bf71-4bd9-8f7e-7decbcc1bb6e"},"type":"AppendToStringVariable","inputs":{"name":"emails","value":"@{items('Apply_to_each')?['UserPrincipalName']};"}}},"runAfter":{"Initialize_variable":["Succeeded"]},"metadata":{"operationMetadataId":"7f2fb904-5fac-471d-bf8c-b00aa7d3f1c4"},"type":"Foreach"},"Initialize_variable":{"runAfter":{"getGroup":["Succeeded"]},"metadata":{"operationMetadataId":"6840a173-2f63-4869-a2eb-2a4163ed7b85"},"type":"InitializeVariable","inputs":{"variables":[{"name":"emails","type":"string"}]}},"Compose":{"runAfter":{"Apply_to_each":["Succeeded"]},"metadata":{"operationMetadataId":"2441b7ab-ea91-45ff-99b5-fa0698c510d0"},"type":"Compose","inputs":"@variables('emails')"}}},"connectionReferences":{"shared_sharepointonline":{"connectionName":"shared-sharepointonl-0c0c9f5c-5de3-4471-bb5d-01b173168b64","source":"Invoker","id":"/providers/Microsoft.PowerApps/apis/shared_sharepointonline","tier":"NotSpecified"}},"flowFailureAlertSubscribed":false}}